id,jel,date_modified_dtsi,date_modified_ssi,link,title_tesim,alpha_creator_tesim
9c67wm944,D64,,Wed Oct 23 17:49:32 2019,https://researchdatabasestaging.minneapolisfed.org/concern/publications/9c67wm944,"Risk Sharing\, Inequality\, and Fertility","Hosseini\, Roozbeh,Jones\, Larry E.,Shourideh\, Ali"

id,jel,date_modified_dtsi,date_modified_ssi,link,title_tesim,alpha_creator_tesim
70795775k,E12,2020-04-06T19:42:52Z,,https://researchdatabasestaging.minneapolisfed.org/concern/publications/70795775k,Business Cycle Accounting,"Chari\, V. V.,Kehoe\, Patrick J.,McGrattan\, Ellen R."
4j03cz701,E12,,Wed Oct 23 17:52:50 2019,https://researchdatabasestaging.minneapolisfed.org/concern/publications/4j03cz701,Business Cycle Accounting,"Chari\, V. V.,Kehoe\, Patrick J.,McGrattan\, Ellen R."
jm214p12r,E12,2020-02-07T18:10:16Z,,https://researchdatabasestaging.minneapolisfed.org/concern/publications/jm214p12r,"Capacity Utilization\, Inflation\, and Aggregate Demand Policy","Bryant\, John B.,Supel\, Thomas M."
ms35t8663,E12,,Wed Apr 22 16:39:08 2020,https://researchdatabasestaging.minneapolisfed.org/concern/publications/ms35t8663,Keynesian Conundrum: Multiplicity and Time Consistent Stabilization,"Dupor\, Bill"
q524jn774,E12,2019-07-09T15:27:12Z,,https://researchdatabasestaging.minneapolisfed.org/concern/publications/q524jn774,Banking Panics and Depression: A Monetarist-Keynesian Synthesis,"Bryant\, John B."
wp988j884,E12,,Thu Nov  7 21:16:35 2019,https://researchdatabasestaging.minneapolisfed.org/concern/publications/wp988j884,Wealth and Volatility,"Heathcote\, Jonathan,Perri\, Fabrizio"
rn301138p,E12,2020-04-29T20:20:41Z,,https://researchdatabasestaging.minneapolisfed.org/concern/publications/rn301138p,"Economic Fluctuations Without Shocks to Fundamentals; Or\, Does the Stock Market Dance to its Own Music?","Aiyagari\, S. Rao"
zg64tk96k,E12,2020-04-29T18:56:08Z,,https://researchdatabasestaging.minneapolisfed.org/concern/publications/zg64tk96k,"Economic Fluctuations Without Shocks to Fundamentals; or\, Does the Stock Market Dance to its Own Music?","Aiyagari\, S. Rao"
zp38wc79p,E12,2023-03-10T16:12:09Z,,https://researchdatabasestaging.minneapolisfed.org/concern/publications/zp38wc79p,A Theory of Non-Coasean Labor Markets,"Blanco\, Andrés,Drenik\, Andrés,Moser\, Christian A.,Zaratiegui\, Emilio"
8w32r5684,E12,2020-09-11T17:24:49Z,,https://researchdatabasestaging.minneapolisfed.org/concern/publications/8w32r5684,New Keynesian Models: Not Yet Useful for Policy Analysis,"Chari\, V. V.,Kehoe\, Patrick J.,McGrattan\, Ellen R."
c821gj78w,E12,2019-07-15T13:53:55Z,,https://researchdatabasestaging.minneapolisfed.org/concern/publications/c821gj78w,Notes on the Investment Schedule,"Sargent\, Thomas J."
g445cd164,E12,2021-02-05T17:17:31Z,,https://researchdatabasestaging.minneapolisfed.org/concern/publications/g445cd164,Taxation and the Taylor Principle,"Edge\, Rochelle Mary\, 1971-,Rudd\, Jeremy Bay\, 1970-"
dz010q06g,E12,2019-07-11T19:45:28Z,,https://researchdatabasestaging.minneapolisfed.org/concern/publications/dz010q06g,A Model of the Phillips Curve Based on Adverse Selection,"Smith\, Bruce D. (Bruce David)\, 1954-2002"
8c97kq41f,E12,2020-04-02T16:24:32Z,,https://researchdatabasestaging.minneapolisfed.org/concern/publications/8c97kq41f,A Simple General Equilibrium Model of the Great Depression,"Bryant\, John B."
02870v92t,E12,,Wed Oct 23 17:50:05 2019,https://researchdatabasestaging.minneapolisfed.org/concern/publications/02870v92t,Temporary Price Changes and the Real Effects of Monetary Policy,"Kehoe\, Patrick J.,Midrigan\, Virgiliu"
9c67wm83m,E12,2020-05-05T19:48:56Z,,https://researchdatabasestaging.minneapolisfed.org/concern/publications/9c67wm83m,"A Model of ""Keynesian"" Unemployment Resulting from Adverse Selection","Smith\, Bruce D. (Bruce David)\, 1954-2002"
v979v331c,E12,2021-06-29T19:52:27Z,,https://researchdatabasestaging.minneapolisfed.org/concern/publications/v979v331c,"Doves for the Rich\, Hawks for the Poor? Distributional Consequences of Systematic Monetary Policy","Gornemann\, Nils,Kuester\, Keith,Nakajima\, Makoto (Economist)"
4f16c291q,E12,,Thu Nov  7 21:35:23 2019,https://researchdatabasestaging.minneapolisfed.org/concern/publications/4f16c291q,The Heterogeneous State of Modern Macroeconomics: A Reply to Solow,"Chari\, V. V.,Kehoe\, Patrick J."

id,jel,date_modified_dtsi,date_modified_ssi,link,title_tesim,alpha_creator_tesim
6w924b86j,E62,,Wed Apr 22 16:40:43 2020,https://researchdatabasestaging.minneapolisfed.org/concern/publications/6w924b86j,"Fiscal Spending Shocks\, Endogenous Government Spending\, and Real Business Cycles","Ambler\, Steve\, 1955-,Paquet\, Alain\, 1961-"
8g84mm27v,E62,2019-07-09T14:42:22Z,,https://researchdatabasestaging.minneapolisfed.org/concern/publications/8g84mm27v,Recession and Demand Management: An Illustrative Example,"Bryant\, John B."
zs25x8496,E62,,Thu Nov  7 21:50:37 2019,https://researchdatabasestaging.minneapolisfed.org/concern/publications/zs25x8496,Does Neoclassical Theory Account for the Effects of Big Fiscal Shocks? Evidence From World War II,"McGrattan\, Ellen R.,Ohanian\, Lee E."
2z10wq237,E62,,Wed Apr 22 16:41:36 2020,https://researchdatabasestaging.minneapolisfed.org/concern/publications/2z10wq237,Endogenous Expenditures on Public Schools and Persistent Growth,"Glomm\, Gerhard,Ravikumar\, B."
sq87bt673,E62,,Wed Apr 22 16:47:13 2020,https://researchdatabasestaging.minneapolisfed.org/concern/publications/sq87bt673,Tax Distortions in a Neoclassical Monetary Economy,"Cooley\, Thomas F.,Hansen\, Gary D. (Gary Duane)"
8c97kq48c,E62,2021-01-26T17:39:19Z,,https://researchdatabasestaging.minneapolisfed.org/concern/publications/8c97kq48c,Long Run Policy Analysis and Long Run Growth,"Rebelo\, Sergio"
wh246s16c,E62,,Wed Apr 22 16:46:10 2020,https://researchdatabasestaging.minneapolisfed.org/concern/publications/wh246s16c,The Efficiency and Welfare Effects of Tax Reform: Are Fewer Tax Brackets Better Than More?,"Altig\, David\, 1956-,Carlstrom\, Charles T.\, 1960-"
6969z0774,E62,2020-12-04T22:15:57Z,,https://researchdatabasestaging.minneapolisfed.org/concern/publications/6969z0774,Sustainable Plans and Debt,"Chari\, V. V.,Kehoe\, Patrick J."
v692t635z,E62,2020-12-04T22:52:27Z,,https://researchdatabasestaging.minneapolisfed.org/concern/publications/v692t635z,Sustainable Plans and Debt,"Chari\, V. V.,Kehoe\, Patrick J."
2514nk499,E62,2020-12-04T22:38:13Z,,https://researchdatabasestaging.minneapolisfed.org/concern/publications/2514nk499,Sustainable Plans and Debt,"Chari\, V. V.,Kehoe\, Patrick J."
1c18df83h,E62,,Wed Apr 22 16:39:10 2020,https://researchdatabasestaging.minneapolisfed.org/concern/publications/1c18df83h,Political Economy of Taxation in an Overlapping-Generations Economy,"Bassetto\, Marco"
2v23vt47k,E62,,Wed Apr 22 16:47:15 2020,https://researchdatabasestaging.minneapolisfed.org/concern/publications/2v23vt47k,The Macroeconomic Effects of Distortionary Taxation,"McGrattan\, Ellen R."
8c97kq54h,E62,,Thu Nov  7 22:07:13 2019,https://researchdatabasestaging.minneapolisfed.org/concern/publications/8c97kq54h,"Chaos\, Sunspots\, and Automatic Stabilizers","Christiano\, Lawrence J.,Harrison\, Sharon G."
gf06g268p,E62,2021-01-19T22:09:44Z,,https://researchdatabasestaging.minneapolisfed.org/concern/publications/gf06g268p,The Economic Effects of Corporate Taxes in a Stochastic Growth Model,"Dotsey\, Michael"
kw52j804p,E62,2020-10-06T21:52:16Z,,https://researchdatabasestaging.minneapolisfed.org/concern/publications/kw52j804p,Social Insurance and Taxation Under Sequential Majority Voting and Utilitarian Regimes,"Aiyagari\, S. Rao,Peled\, Dan"
44558d40f,E62,2024-08-26T15:53:55Z,,https://researchdatabasestaging.minneapolisfed.org/concern/publications/44558d40f,A Ramsey Theory of Financial Distortions,"Bassetto\, Marco,Cui\, Wei"
0p096711m,E62,2024-08-26T15:52:42Z,,https://researchdatabasestaging.minneapolisfed.org/concern/publications/0p096711m,A Ramsey Theory of Financial Distortions,"Bassetto\, Marco,Cui\, Wei"
sq87bt68c,E62,,Thu Nov  7 21:31:47 2019,https://researchdatabasestaging.minneapolisfed.org/concern/publications/sq87bt68c,Taxation of Human Capital and Wage Inequality: A Cross-Country Analysis,"Guvenen\, Fatih,Kuruscu\, Burhanettin,Ozkan\, Serdar"
9019s256w,E62,2020-03-16T19:14:52Z,,https://researchdatabasestaging.minneapolisfed.org/concern/publications/9019s256w,Optimal Paternalistic Savings Policies,"Moser\, Christian A.,Olea de Souza e Silva\, Pedro"
zw12z536c,E62,,Thu Nov  7 21:47:23 2019,https://researchdatabasestaging.minneapolisfed.org/concern/publications/zw12z536c,Tax Smoothing with Redistribution,"Werning\, Iván"
n583xt96p,E62,2019-07-09T15:25:26Z,,https://researchdatabasestaging.minneapolisfed.org/concern/publications/n583xt96p,Macroeconomic Implications for Tax Indexing in the McCallum-Whitaker Framework,"Supel\, Thomas M."
j6731402n,E62,2023-10-11T15:30:13Z,,https://researchdatabasestaging.minneapolisfed.org/concern/publications/j6731402n,"Taxes\, Regulations\, and the Value of U.S. Corporations: A Reassessment","McGrattan\, Ellen R."
1j92g7448,E62,2019-07-11T17:49:20Z,,https://researchdatabasestaging.minneapolisfed.org/concern/publications/1j92g7448,The Role of Stock Portfolio Shifts Under Alternative Exchange Rate Regimes,"Wallace\, Neil"
9k41zd54n,E62,,Wed Apr 22 16:39:23 2020,https://researchdatabasestaging.minneapolisfed.org/concern/publications/9k41zd54n,The Optimal Inflation Tax,"Correia\, Isabel,Teles\, Pedro"
ht24wj516,E62,2020-10-06T21:53:13Z,,https://researchdatabasestaging.minneapolisfed.org/concern/publications/ht24wj516,Social Insurance and Taxation Under Sequential Majority Voting and Utilitarian Regimes,"Aiyagari\, S. Rao,Peled\, Dan"
c534fn99d,E62,,Thu Nov  7 21:36:40 2019,https://researchdatabasestaging.minneapolisfed.org/concern/publications/c534fn99d,Macroeconomic Effects of Medicare,"Conesa\, Juan Carlos,Costa\, Daniela,Kamali\, Parisa,Kehoe\, Timothy Jerome\, 1953-,Nygaard\, Vegard M.,Raveendranathan\, Gajendran,Saxena\, Akshar"
8s45q895s,E62,2023-04-06T19:17:42Z,,https://researchdatabasestaging.minneapolisfed.org/concern/publications/8s45q895s,Use It or Lose It: Efficiency and Redistributional Effects of Wealth Taxation,"Chen\, Daphne,Guvenen\, Fatih,Kambourov\, Gueorgui,Kuruscu\, Burhanettin,Ocampo\, Sergio"
8s45q8962,E62,,Thu Nov  7 22:35:43 2019,https://researchdatabasestaging.minneapolisfed.org/concern/publications/8s45q8962,"On Financing Retirement\, Health Care\, and Long-Term Care in Japan","McGrattan\, Ellen R.,Miyachi\, Kazuaki,Peralta-Alva\, Adrian"
9g54xh819,E62,,Thu Nov  7 21:55:05 2019,https://researchdatabasestaging.minneapolisfed.org/concern/publications/9g54xh819,The 1929 Stock Market: Irving Fisher Was Right,"McGrattan\, Ellen R.,Prescott\, Edward C."
sq87bt62q,E62,2023-01-18T17:58:48Z,,https://researchdatabasestaging.minneapolisfed.org/concern/publications/sq87bt62q,Optimal Cooperative Taxation in the Global Economy,"Chari\, V. V.,Nicolini\, Juan Pablo,Teles\, Pedro"
jd472w72q,E62,2023-03-01T16:22:54Z,,https://researchdatabasestaging.minneapolisfed.org/concern/publications/jd472w72q,Appendix for: Optimal Cooperative Taxation in the Global Economy,"Chari\, V. V.,Nicolini\, Juan Pablo,Teles\, Pedro"
qb98mf563,E62,,Wed Oct 23 17:37:33 2019,https://researchdatabasestaging.minneapolisfed.org/concern/publications/qb98mf563,Optimal Capital Taxation Revisited,"Chari\, V. V.,Nicolini\, Juan Pablo,Teles\, Pedro"
1j92g750d,E62,2020-12-02T14:15:32Z,,https://researchdatabasestaging.minneapolisfed.org/concern/publications/1j92g750d,Optimal Capital Taxation Revisited,"Chari\, V. V.,Nicolini\, Juan Pablo,Teles\, Pedro"
rf55z782m,E62,,Wed Oct 23 17:37:50 2019,https://researchdatabasestaging.minneapolisfed.org/concern/publications/rf55z782m,Ramsey Taxation in the Global Economy,"Chari\, V. V.,Nicolini\, Juan Pablo,Teles\, Pedro"
dj52w4688,E62,2021-01-27T22:21:47Z,,https://researchdatabasestaging.minneapolisfed.org/concern/publications/dj52w4688,A Neoclassical Perspective on the German Economy 1925-1938,"Fisher\, Jonas D. M. (Jonas Daniel Maurice)\, 1965-,Hornstein\, Andreas"
fq977v01f,E62,2023-09-07T15:24:39Z,,https://researchdatabasestaging.minneapolisfed.org/concern/publications/fq977v01f,Fiscal Stimulus under Sovereign Risk,"Bianchi\, Javier,Ottonello\, Pablo,Presno\, Ignacio"
tx31qh71t,E62,,Thu Nov  7 21:45:13 2019,https://researchdatabasestaging.minneapolisfed.org/concern/publications/tx31qh71t,Fiscal Policy in Debt Constrained Economies,"Aguiar\, Mark,Amador\, Manuel"
v692t631v,E62,,Wed Oct 23 17:50:08 2019,https://researchdatabasestaging.minneapolisfed.org/concern/publications/v692t631v,"Taxation\, Aggregates and the Household","Guner\, Nezih,Kaygusuz\, Remzi,Ventura\, Gustavo"
p8418n292,E62,,Thu Nov  7 22:08:03 2019,https://researchdatabasestaging.minneapolisfed.org/concern/publications/p8418n292,Why Do Americans Work So Much More Than Europeans?,"Prescott\, Edward C."
5m60qr89m,E62,2019-07-15T14:48:13Z,,https://researchdatabasestaging.minneapolisfed.org/concern/publications/5m60qr89m,Are Consumption Taxes Really Better than Income Taxes?,"Krusell\, Per,Quadrini\, Vincenzo,Ríos-Rull\, José-Víctor"
r494vk256,E62,2020-05-08T21:27:59Z,,https://researchdatabasestaging.minneapolisfed.org/concern/publications/r494vk256,Shotgun Wedding: Fiscal and Monetary Policy,"Bassetto\, Marco,Sargent\, Thomas J."
41687h55t,E62,,Thu Nov  7 21:59:20 2019,https://researchdatabasestaging.minneapolisfed.org/concern/publications/41687h55t,Risk Sharing: Private Insurance Markets or Redistributive Taxes?,"Krueger\, Dirk,Perri\, Fabrizio"
8049g511w,E62,2022-07-26T20:45:29Z,,https://researchdatabasestaging.minneapolisfed.org/concern/publications/8049g511w,Optimal Income Taxation: Mirrlees Meets Ramsey,"Heathcote\, Jonathan,Tsujiyama\, Hitoshi"
z029p483f,E62,,Thu Nov  7 21:46:35 2019,https://researchdatabasestaging.minneapolisfed.org/concern/publications/z029p483f,Modern Macroeconomics in Practice: How Theory is Shaping Policy,"Chari\, V. V.,Kehoe\, Patrick J."
9g54xh755,E62,,Wed Oct 23 17:44:25 2019,https://researchdatabasestaging.minneapolisfed.org/concern/publications/9g54xh755,The Limited Macroeconomic Effects of Unemployment Benefit Extensions,"Chodorow-Reich\, Gabriel,Karabarbounis\, Loukas"
hm50tr858,E62,2024-10-02T18:39:09Z,,https://researchdatabasestaging.minneapolisfed.org/concern/publications/hm50tr858,The Macroeconomics of the Greek Depression,"Chodorow-Reich\, Gabriel,Karabarbounis\, Loukas,Kekre\, Rohan"
cn69m431g,E62,2026-06-22T15:19:02Z,,https://researchdatabasestaging.minneapolisfed.org/concern/publications/cn69m431g,How Small is Small? Non-linearities in Heterogeneous Agent Models,"Bianchi\, Javier,Kaplan\, Greg"
fj236223x,E62,,Thu Nov  7 22:01:01 2019,https://researchdatabasestaging.minneapolisfed.org/concern/publications/fj236223x,Explaining Cross-Country Income Differences,"McGrattan\, Ellen R.,Schmitz\, James Andrew"
7m01bk82b,E62,2025-01-31T20:54:40Z,,https://researchdatabasestaging.minneapolisfed.org/concern/publications/7m01bk82b,Pricing Inequality,"Mongey\, Simon,Waugh\, Michael E."
41687h538,E62,,Thu Nov  7 21:35:01 2019,https://researchdatabasestaging.minneapolisfed.org/concern/publications/41687h538,Optimal Fiscal and Monetary Policy: Equivalence Results,"Correia\, Isabel,Nicolini\, Juan Pablo,Teles\, Pedro"
j3860702d,E62,,Wed Oct 23 17:46:45 2019,https://researchdatabasestaging.minneapolisfed.org/concern/publications/j3860702d,Unconventional Fiscal Policy at the Zero Bound,"Correia\, Isabel,Farhi\, Emmanuel,Nicolini\, Juan Pablo,Teles\, Pedro"
9p2909574,E62,2024-01-04T15:59:58Z,,https://researchdatabasestaging.minneapolisfed.org/concern/publications/9p2909574,Financial Integration and Monetary Policy Coordination,"Bianchi\, Javier,Coulibaly\, Louphou"
9g54xh908,E62,2026-06-09T17:20:21Z,,https://researchdatabasestaging.minneapolisfed.org/concern/publications/9g54xh908,"Liquidity Traps\, Prudential Policies\, and International Spillovers","Bianchi\, Javier,Coulibaly\, Louphou"
jq085k153,E62,2020-12-15T17:23:03Z,,https://researchdatabasestaging.minneapolisfed.org/concern/publications/jq085k153,Credit Frictions in the Great Recession,"Kehoe\, Patrick J.,Lopez\, Pierlauro,Midrigan\, Virgiliu,Pastorino\, Elena"
js956f926,E62,,Thu Nov  7 22:00:49 2019,https://researchdatabasestaging.minneapolisfed.org/concern/publications/js956f926,Optimal Fiscal and Monetary Policy,"Chari\, V. V.,Kehoe\, Patrick J."
5h73pw21x,E62,2024-09-16T16:37:43Z,,https://researchdatabasestaging.minneapolisfed.org/concern/publications/5h73pw21x,"The Geography of Opportunity: Education\, Work\, and Intergenerational Mobility Across US Counties","Eckert\, Fabian,Kleineberg\, Tatjana"
8p58pd138,E62,2023-03-01T16:20:09Z,,https://researchdatabasestaging.minneapolisfed.org/concern/publications/8p58pd138,The Distributional Impact of the Minimum Wage in the Short and Long Run,"Hurst\, Erik,Kehoe\, Patrick J.,Pastorino\, Elena,Winberry\, Thomas\, 1987-"

id,jel,date_modified_dtsi,date_modified_ssi,link,title_tesim,alpha_creator_tesim
q237hr98n,G10,,Thu Nov  7 22:08:45 2019,https://researchdatabasestaging.minneapolisfed.org/concern/publications/q237hr98n,Measuring the Pricing Error of the Arbitrage Pricing Theory,"Geweke\, John,Zhou\, Guofo"
ks65hc42v,G10,,Thu Nov  7 22:07:37 2019,https://researchdatabasestaging.minneapolisfed.org/concern/publications/ks65hc42v,The Conditional CAPM and the Cross-Section of Expected Returns,"Jagannathan\, Ravi,Wang\, Zhenyu (Professor of Business Finance)"
6d56zw619,G10,2019-09-04T15:57:37Z,,https://researchdatabasestaging.minneapolisfed.org/concern/publications/6d56zw619,How Good are Standard Debt Contracts? Stochastic Versus Nonstochastic Monitoring in a Costly State Verification Environment,"Boyd\, John H.,Smith\, Bruce D. (Bruce David)\, 1954-2002"
9593tv20s,G10,,Wed Apr 22 16:40:45 2020,https://researchdatabasestaging.minneapolisfed.org/concern/publications/9593tv20s,Stock Returns and Volatility in Emerging Financial Markets,"De Santis\, Giorgio,İmrohoroǧlu\, Selahattin"
wd375w317,G10,2019-07-19T18:45:45Z,,https://researchdatabasestaging.minneapolisfed.org/concern/publications/wd375w317,Essays on Markets Under Uncertainty,"Townsend\, Robert M.\, 1948-"
sx61dm39d,G10,,Wed Oct 23 17:48:04 2019,https://researchdatabasestaging.minneapolisfed.org/concern/publications/sx61dm39d,"Innovation and Growth with Financial\, and other\, Frictions","Chiu\, Jonathan,Meh\, Cesaire,Wright\, Randall\, 1956-"
6682x401g,G10,2021-05-28T14:22:11Z,,https://researchdatabasestaging.minneapolisfed.org/concern/publications/6682x401g,Asset Pricing with Endogenously Uninsurable Tail Risk,"Ai\, Hengjie,Bhandari\, Anmol"
bc386j29t,G10,,Thu Nov  7 21:34:45 2019,https://researchdatabasestaging.minneapolisfed.org/concern/publications/bc386j29t,Default and the Maturity Structure in Sovereign Bonds,"Arellano\, Cristina,Ramanarayanan\, Ananth"
h128nd75q,G10,,Wed Apr 22 16:47:23 2020,https://researchdatabasestaging.minneapolisfed.org/concern/publications/h128nd75q,Ex-Day Behavior of Japanese Stock Prices: New Insights From New Methodology,"Hayashi\, Fumio,Jagannathan\, Ravi"
gq67jr19j,G10,2022-07-26T21:21:52Z,,https://researchdatabasestaging.minneapolisfed.org/concern/publications/gq67jr19j,"Banks\, Liquidity Management\, and Monetary Policy","Bianchi\, Javier,Bigio\, Saki"
0c483j61t,G10,2025-06-26T19:57:43Z,,https://researchdatabasestaging.minneapolisfed.org/concern/publications/0c483j61t,A Stochastic Bubble Forest,"Amol\, Amol,Luttmer\, Erzo G. J."
765371417,G10,,Thu Nov  7 21:32:23 2019,https://researchdatabasestaging.minneapolisfed.org/concern/publications/765371417,Trend and Cycle in Bond Premia,"Piazzesi\, Monika,Schneider\, Martin"
pz50gw148,G10,,Wed Oct 23 17:32:03 2019,https://researchdatabasestaging.minneapolisfed.org/concern/publications/pz50gw148,"The Glass Ceiling and the Paper Floor: Gender Differences among Top Earners\, 1981–2012","Guvenen\, Fatih,Kaplan\, Greg,Song\, Jae"
jd472w50p,G10,,Wed Oct 23 17:46:12 2019,https://researchdatabasestaging.minneapolisfed.org/concern/publications/jd472w50p,The Over-the-Counter Theory of the Fed Funds Market: A Primer,"Afonso\, Gara,Lagos\, Ricardo"
h702q643x,G10,,Wed Oct 23 17:46:15 2019,https://researchdatabasestaging.minneapolisfed.org/concern/publications/h702q643x,Trade Dynamics in the Market for Federal Funds,"Afonso\, Gara,Lagos\, Ricardo"
9p2909417,G10,2020-06-04T17:34:21Z,,https://researchdatabasestaging.minneapolisfed.org/concern/publications/9p2909417,Intermediated Quantities and Returns,"Mehra\, Rajnish,Piguillem\, Facundo,Prescott\, Edward C."
tm70mv23c,G10,2019-11-01T15:08:58Z,,https://researchdatabasestaging.minneapolisfed.org/concern/publications/tm70mv23c,The Seniority Structure of Sovereign Debt,"Schlegl\, Matthias,Trebesch\, Christoph,Wright\, Mark L. J."
ng451h60f,G10,2019-11-08T19:04:57Z,,https://researchdatabasestaging.minneapolisfed.org/concern/publications/ng451h60f,Assessing Specification Errors in Stochastic Discount Factor Models,"Hansen\, Lars Peter,Jagannathan\, Ravi"
bv73c059s,G10,2021-08-30T21:39:13Z,,https://researchdatabasestaging.minneapolisfed.org/concern/publications/bv73c059s,Liquidity and the Threat of Fraudulent Assets [paper],"Rocheteau\, Guillaume,Weill\, Pierre-Olivier"
p8418n356,G10,2021-08-13T16:07:03Z,,https://researchdatabasestaging.minneapolisfed.org/concern/publications/p8418n356,Liquidity and the Threat of Fraudulent Assets [slides],"Rocheteau\, Guillaume,Weill\, Pierre-Olivier"
jd472w51z,G10,,Wed Oct 23 18:04:53 2019,https://researchdatabasestaging.minneapolisfed.org/concern/publications/jd472w51z,Intermediated Quantities and Returns,"Mehra\, Rajnish,Piguillem\, Facundo,Prescott\, Edward C."
wm117p117,G10,,Wed Oct 23 17:56:03 2019,https://researchdatabasestaging.minneapolisfed.org/concern/publications/wm117p117,Costly Financial Intermediation in Neoclassical Growth Theory,"Mehra\, Rajnish,Piguillem\, Facundo,Prescott\, Edward C."

id,jel,date_modified_dtsi,date_modified_ssi,link,title_tesim,alpha_creator_tesim
zs25x850z,G12,,Thu Nov  7 21:55:11 2019,https://researchdatabasestaging.minneapolisfed.org/concern/publications/zs25x850z,Average Debt and Equity Returns: Puzzling?,"McGrattan\, Ellen R.,Prescott\, Edward C."
p8418n267,G12,,Thu Nov  7 21:35:54 2019,https://researchdatabasestaging.minneapolisfed.org/concern/publications/p8418n267,The Risk of Becoming Risk Averse: A Model of Asset Pricing and Trade Volumes,"Alvarez\, Fernando\, 1964-,Atkeson\, Andrew"
w0892b01n,G12,,Wed Apr 22 16:45:56 2020,https://researchdatabasestaging.minneapolisfed.org/concern/publications/w0892b01n,The Equity Premium: It's Still a Puzzle,"Kocherlakota\, Narayana Rao\, 1963-"
8s45q891p,G12,2020-10-23T21:04:01Z,,https://researchdatabasestaging.minneapolisfed.org/concern/publications/8s45q891p,The CAPM Is Alive and Well,"Jagannathan\, Ravi,Wang\, Zhenyu (Professor of Business Finance)"
3b5918567,G12,2020-10-23T21:01:02Z,,https://researchdatabasestaging.minneapolisfed.org/concern/publications/3b5918567,The CAPM is Alive and Well,"Jagannathan\, Ravi,Wang\, Zhenyu (Professor of Business Finance)"
3x816m63z,G12,2021-01-26T17:38:36Z,,https://researchdatabasestaging.minneapolisfed.org/concern/publications/3x816m63z,Limited Market Participation and Volatility of Asset Prices,"Allen\, Franklin\, 1956-,Gale\, Douglas"
v118rd63p,G12,,Thu Nov  7 22:03:46 2019,https://researchdatabasestaging.minneapolisfed.org/concern/publications/v118rd63p,Why Do Stock Prices Drop by Less Than the Value of the Dividend? Evidence From a Country Without Taxes,"Jagannathan\, Ravi,Murray\, Frank"
h989r325g,G12,,Thu Nov  7 21:36:05 2019,https://researchdatabasestaging.minneapolisfed.org/concern/publications/h989r325g,The Role of Uncertainty and Risk in Climate Change Economics,"Chari\, V. V."
1544bp120,G12,2020-04-28T15:53:05Z,,https://researchdatabasestaging.minneapolisfed.org/concern/publications/1544bp120,Fiscal Year End and the January Effect: A Note,"Chari\, V. V.,Jagannathan\, Ravi,Ofer\, Aharon R."
ht24wj41z,G12,2019-07-08T21:08:43Z,,https://researchdatabasestaging.minneapolisfed.org/concern/publications/ht24wj41z,Nontransferable Interest-Bearing National Debt,"Bryant\, John B."
j9602065z,G12,,Wed Apr 22 16:42:58 2020,https://researchdatabasestaging.minneapolisfed.org/concern/publications/j9602065z,The Equity Premium and the Allocation of Income Risk,"Danthine\, Jean-Pierre,Donaldson\, John B.,Mehra\, Rajnish"
5712m654p,G12,2019-09-04T15:48:34Z,,https://researchdatabasestaging.minneapolisfed.org/concern/publications/5712m654p,Frictions in Asset Pricing and Macroeconomics,"Aiyagari\, S. Rao"
9c67wm80s,G12,2020-09-16T20:49:41Z,,https://researchdatabasestaging.minneapolisfed.org/concern/publications/9c67wm80s,On the Relation Between the Expected Value and the Volatility of the Nominal Excess Return on Stocks,"Glosten\, Lawrence R.,Jagannathan\, Ravi,Runkle\, David Edward"
tm70mv312,G12,2021-08-13T16:45:52Z,,https://researchdatabasestaging.minneapolisfed.org/concern/publications/tm70mv312,Sources of Entropy in Representative Agent Models [slides],"Backus\, David,Zin\, Stanley E."
8g84mm526,G12,2021-08-30T21:17:58Z,,https://researchdatabasestaging.minneapolisfed.org/concern/publications/8g84mm526,Sources of entropy in representative agent models [paper],"Backus\, David,Zin\, Stanley E."
1n79h4320,G12,2021-01-15T16:34:24Z,,https://researchdatabasestaging.minneapolisfed.org/concern/publications/1n79h4320,Asset Pricing When Risk Sharing is Limited by Default,"Alvarez\, Fernando\, 1964-,Jermann\, Urban J."
79407x18h,G12,,Wed Oct 23 17:44:57 2019,https://researchdatabasestaging.minneapolisfed.org/concern/publications/79407x18h,Stock Market Volatility and Learning,"Adam\, Klaus,Marcet\, Albert,Nicolini\, Juan Pablo"
5q47rn75s,G12,2020-05-08T16:48:45Z,,https://researchdatabasestaging.minneapolisfed.org/concern/publications/5q47rn75s,A Suggestion for Oversimplifying the Theory of Money,"Wallace\, Neil"
3n203z30n,G12,2025-02-04T21:28:58Z,,https://researchdatabasestaging.minneapolisfed.org/concern/publications/3n203z30n,Reconciling Macroeconomics and Finance for the U.S. Corporate Sector: 1929 to Present,"Atkeson\, Andrew,Heathcote\, Jonathan,Perri\, Fabrizio"
j9602061v,G12,2019-08-30T16:10:28Z,,https://researchdatabasestaging.minneapolisfed.org/concern/publications/j9602061v,Risk Premiums in the Term Structure: Evidence from Artificial Economies,"Backus\, David,Gregory\, Allan W.,Zin\, Stanley E."
tt44pm912,G12,,Wed Apr 22 16:43:00 2020,https://researchdatabasestaging.minneapolisfed.org/concern/publications/tt44pm912,Business Cycles and the Asset Structure of Foreign Trade,"Baxter\, Marianne\, 1956-,Crucini\, Mario J."
tt44pm92b,G12,,Thu Nov  7 21:23:55 2019,https://researchdatabasestaging.minneapolisfed.org/concern/publications/tt44pm92b,Human Capital Values and Returns: Bounds Implied By Earnings and Asset Returns Data,"Huggett\, Mark,Kaplan\, Greg"
h128nd80k,G12,2020-05-13T19:27:32Z,,https://researchdatabasestaging.minneapolisfed.org/concern/publications/h128nd80k,Ex-Dividend Price Behavior of Common Stocks,"Boyd\, John H.,Jagannathan\, Ravi"
dn39x164p,G12,2024-08-29T20:44:28Z,,https://researchdatabasestaging.minneapolisfed.org/concern/publications/dn39x164p,There Is No Excess Volatility Puzzle,"Atkeson\, Andrew,Heathcote\, Jonathan,Perri\, Fabrizio"
bc386j30k,G12,,Thu Nov  7 21:46:53 2019,https://researchdatabasestaging.minneapolisfed.org/concern/publications/bc386j30k,Asset Prices and Liquidity in an Exchange Economy,"Lagos\, Ricardo"
sn009x85j,G12,,Wed Apr 22 16:47:25 2020,https://researchdatabasestaging.minneapolisfed.org/concern/publications/sn009x85j,Implications of Security Market Data for Models of Dynamic Economies,"Hansen\, Lars Peter,Jagannathan\, Ravi"
9880vr07g,G12,,Thu Nov  7 22:34:12 2019,https://researchdatabasestaging.minneapolisfed.org/concern/publications/9880vr07g,A Demand System Approach to Asset Pricing,"Koijen\, Ralph S. J.,Yogo\, Motohiro"
p5547r40t,G12,2021-01-27T20:54:19Z,,https://researchdatabasestaging.minneapolisfed.org/concern/publications/p5547r40t,"Money\, Trade Credit\, and Asset Prices","Lacker\, Jeffrey Malcolm,Schreft\, Stacey Lee"
sx61dm36k,G12,2020-05-29T14:35:49Z,,https://researchdatabasestaging.minneapolisfed.org/concern/publications/sx61dm36k,Turnover Liquidity and the Transmission of Monetary Policy,"Lagos\, Ricardo,Zhang\, Shengxing"
1g05fb61q,G12,2020-05-04T16:37:11Z,,https://researchdatabasestaging.minneapolisfed.org/concern/publications/1g05fb61q,Would Pricing Currency like Cars Achieve Efficiency?,"Todd\, Richard M."
9g54xh819,G12,,Thu Nov  7 21:55:05 2019,https://researchdatabasestaging.minneapolisfed.org/concern/publications/9g54xh819,The 1929 Stock Market: Irving Fisher Was Right,"McGrattan\, Ellen R.,Prescott\, Edward C."
3197xm07c,G12,,Thu Nov  7 21:46:41 2019,https://researchdatabasestaging.minneapolisfed.org/concern/publications/3197xm07c,Search in Asset Markets,"Lagos\, Ricardo,Rocheteau\, Guillaume"
1v53jx001,G12,2021-01-26T16:52:55Z,,https://researchdatabasestaging.minneapolisfed.org/concern/publications/1v53jx001,Indirect Estimation of Multifactor Continuous Time Term Structure Models,"Martin\, Vance\, 1955-,Pagan\, Adrian R."
dr26xx52z,G12,,Wed Oct 23 17:53:23 2019,https://researchdatabasestaging.minneapolisfed.org/concern/publications/dr26xx52z,"Taxes\, Regulations\, and Asset Prices","McGrattan\, Ellen R.,Prescott\, Edward C."
5x21tf60n,G12,2026-01-30T16:39:00Z,,https://researchdatabasestaging.minneapolisfed.org/concern/publications/5x21tf60n,A Macroeconomic Perspective on Stock Market Valuation Ratios,"Atkeson\, Andrew,Heathcote\, Jonathan,Perri\, Fabrizio"
9g54xh72b,G12,,Thu Nov  7 20:54:37 2019,https://researchdatabasestaging.minneapolisfed.org/concern/publications/9g54xh72b,Financialization in Commodity Markets,"Chari\, V. V.,Christiano\, Lawrence J."
w6634366r,G12,2026-01-13T17:54:47Z,,https://researchdatabasestaging.minneapolisfed.org/concern/publications/w6634366r,Sovereign Default Risk and Firm Heterogeneity,"Arellano\, Cristina,Bai\, Yan,Bocola\, Luigi"
n583xt99h,G12,,Thu Nov  7 21:35:58 2019,https://researchdatabasestaging.minneapolisfed.org/concern/publications/n583xt99h,"Real Interest Rates\, Inflation\, and Default","Hur\, Sewon,Kondo\, Illenin O.,Perri\, Fabrizio"
4j03cz88g,G12,2026-02-25T21:09:56Z,,https://researchdatabasestaging.minneapolisfed.org/concern/publications/4j03cz88g,Why People Disagree About What Drives Stock Prices,"Atkeson\, Andrew,Heathcote\, Jonathan,Perri\, Fabrizio"
hh63sw059,G12,2021-08-31T19:45:41Z,,https://researchdatabasestaging.minneapolisfed.org/concern/publications/hh63sw059,On the Volatility of Equity Prices,"Ostroy\, Joseph M.,Potter\, Simon M."
rj4304553,G12,2021-01-29T20:44:18Z,,https://researchdatabasestaging.minneapolisfed.org/concern/publications/rj4304553,On the Volatility of Equity Prices,"Ostroy\, Joseph M.,Potter\, Simon M."
12579s31z,G12,,Wed Apr 22 16:45:48 2020,https://researchdatabasestaging.minneapolisfed.org/concern/publications/12579s31z,Relationship Between Labor-Income Risk and Average Return: Empirical Evidence From the Japanese Stock Market,"Jagannathan\, Ravi,Kubota\, Keiichi\, 1948-,Takehara\, Hitoshi"
vd66vz97b,G12,,Wed Apr 22 16:47:54 2020,https://researchdatabasestaging.minneapolisfed.org/concern/publications/vd66vz97b,The Effects of Stochastic Inflation on Asset Prices,"Labadie\, Pamela\, 1953-"
6h440s58c,G12,2020-11-18T20:27:29Z,,https://researchdatabasestaging.minneapolisfed.org/concern/publications/6h440s58c,"Time-Varying Risk\, Interest Rates and Exchange Rates in General Equilibrium","Alvarez\, Fernando\, 1964-,Atkeson\, Andrew,Kehoe\, Patrick J."
8s45q8873,G12,2020-11-18T20:44:46Z,,https://researchdatabasestaging.minneapolisfed.org/concern/publications/8s45q8873,"Time-Varying Risk\, Interest Rates\, and Exchange Rates in General Equilibrium","Alvarez\, Fernando\, 1964-,Atkeson\, Andrew,Kehoe\, Patrick J."
z029p4982,G12,2026-04-21T13:55:39Z,,https://researchdatabasestaging.minneapolisfed.org/concern/publications/z029p4982,Portfolio Choice and Settlement Frictions: A Theory of Endogenous Convenience Yields,"Bianchi\, Javier,Bigio\, Saki"
pc289j182,G12,,Thu Nov  7 21:57:43 2019,https://researchdatabasestaging.minneapolisfed.org/concern/publications/pc289j182,Growth Cycles and Market Crashes,"Boldrin\, Michele,Levine\, David K."
ng451h60f,G12,2019-11-08T19:04:57Z,,https://researchdatabasestaging.minneapolisfed.org/concern/publications/ng451h60f,Assessing Specification Errors in Stochastic Discount Factor Models,"Hansen\, Lars Peter,Jagannathan\, Ravi"
jd472w51z,G12,,Wed Oct 23 18:04:53 2019,https://researchdatabasestaging.minneapolisfed.org/concern/publications/jd472w51z,Intermediated Quantities and Returns,"Mehra\, Rajnish,Piguillem\, Facundo,Prescott\, Edward C."
wm117p117,G12,,Wed Oct 23 17:56:03 2019,https://researchdatabasestaging.minneapolisfed.org/concern/publications/wm117p117,Costly Financial Intermediation in Neoclassical Growth Theory,"Mehra\, Rajnish,Piguillem\, Facundo,Prescott\, Edward C."

id,jel,date_modified_dtsi,date_modified_ssi,link,title_tesim,alpha_creator_tesim
2v23vt558,G51,2023-09-19T21:20:08Z,,https://researchdatabasestaging.minneapolisfed.org/concern/publications/2v23vt558,A Quantitative Theory of the Credit Score,"Chatterjee\, Satyajit,Corbae\, Dean,Dempsey\, Kyle,Ríos-Rull\, José-Víctor"
jq085k153,G51,2020-12-15T17:23:03Z,,https://researchdatabasestaging.minneapolisfed.org/concern/publications/jq085k153,Credit Frictions in the Great Recession,"Kehoe\, Patrick J.,Lopez\, Pierlauro,Midrigan\, Virgiliu,Pastorino\, Elena"

id,jel,date_modified_dtsi,date_modified_ssi,link,title_tesim,alpha_creator_tesim
3n203z22z,J14,2020-03-16T18:06:54Z,,https://researchdatabasestaging.minneapolisfed.org/concern/publications/3n203z22z,Medical Expenses and Saving in Retirement: The Case of U.S. and Sweden,"Nakajima\, Makoto (Economist),Telyukova\, Irina A."
6m311p359,J14,2019-11-08T20:18:18Z,,https://researchdatabasestaging.minneapolisfed.org/concern/publications/6m311p359,Heterogeneity in Expected Longevities,"Pijoan-Mas\, Josep,Ríos-Rull\, José-Víctor"
d504rk378,J14,2025-03-12T14:57:01Z,,https://researchdatabasestaging.minneapolisfed.org/concern/publications/d504rk378,Consumption Over the Life Cycle: How Different Is Housing?,"Yang\, Fang"

id,jel,date_modified_dtsi,date_modified_ssi,link,title_tesim,alpha_creator_tesim
zp38wc67w,P16,,Thu Nov  7 22:03:14 2019,https://researchdatabasestaging.minneapolisfed.org/concern/publications/zp38wc67w,On the Size of U.S. Government: Political Economy in the Neoclassical Growth Model,"Krusell\, Per,Ríos-Rull\, José-Víctor"
mc87pq263,P16,2020-05-04T16:49:16Z,,https://researchdatabasestaging.minneapolisfed.org/concern/publications/mc87pq263,Time Inconsistency for the Practical Undergraduate,"Stutzer\, Michael J."

id,jel,date_modified_dtsi,date_modified_ssi,link,title_tesim,alpha_creator_tesim
nk322d35b,P20,2021-01-15T22:34:06Z,,https://researchdatabasestaging.minneapolisfed.org/concern/publications/nk322d35b,Discussion of Alwyn Young's 'The Razor's Edge: Distortions and Incremental Reform in the People's Republic of China',"Chari\, V. V."
1j92g746t,P20,2021-01-29T22:28:49Z,,https://researchdatabasestaging.minneapolisfed.org/concern/publications/1j92g746t,The Razor's Edge: Distortions and Incremental Reform in the People's Republic of China,"Young\, Alwyn"

id,jel,date_modified_dtsi,date_modified_ssi,link,title_tesim,alpha_creator_tesim
nk322d35b,P24,2021-01-15T22:34:06Z,,https://researchdatabasestaging.minneapolisfed.org/concern/publications/nk322d35b,Discussion of Alwyn Young's 'The Razor's Edge: Distortions and Incremental Reform in the People's Republic of China',"Chari\, V. V."
1j92g746t,P24,2021-01-29T22:28:49Z,,https://researchdatabasestaging.minneapolisfed.org/concern/publications/1j92g746t,The Razor's Edge: Distortions and Incremental Reform in the People's Republic of China,"Young\, Alwyn"

id,jel,date_modified_dtsi,date_modified_ssi,link,title_tesim,alpha_creator_tesim
nk322d35b,P27,2021-01-15T22:34:06Z,,https://researchdatabasestaging.minneapolisfed.org/concern/publications/nk322d35b,Discussion of Alwyn Young's 'The Razor's Edge: Distortions and Incremental Reform in the People's Republic of China',"Chari\, V. V."
1j92g746t,P27,2021-01-29T22:28:49Z,,https://researchdatabasestaging.minneapolisfed.org/concern/publications/1j92g746t,The Razor's Edge: Distortions and Incremental Reform in the People's Republic of China,"Young\, Alwyn"

id,jel,date_modified_dtsi,date_modified_ssi,link,title_tesim,alpha_creator_tesim
4q77fr32b,P29,2019-08-27T16:45:17Z,,https://researchdatabasestaging.minneapolisfed.org/concern/publications/4q77fr32b,"Comment on Aghion-Blanchard : ""On the Speed of Transition in Central Europe""","Kehoe\, Patrick J."

id,jel,date_modified_dtsi,date_modified_ssi,link,title_tesim,alpha_creator_tesim
4f16c299x,P48,2021-04-26T13:08:26Z,,https://researchdatabasestaging.minneapolisfed.org/concern/publications/4f16c299x,The Effect of Constitutional Provisions on Education Policy and Outcomes,"Dallman\, Scott,Nath\, Anusha,Premik\, Filip"
w0892b13f,P48,2023-04-06T19:37:44Z,,https://researchdatabasestaging.minneapolisfed.org/concern/publications/w0892b13f,Clientelistic Politics and Pro-Poor Targeting: Rules versus Discretionary Budgets,"Mookherjee\, Dilip,Nath\, Anusha"
zw12z545b,P48,2024-04-01T14:45:31Z,,https://researchdatabasestaging.minneapolisfed.org/concern/publications/zw12z545b,Online Appendix for: How Do Voters Respond to Welfare vis-à-vis Public Good Programs? An Empirical Test for Clientelism,"Bardhan\, Pranab,Mitra\, Sandip,Mookherjee\, Dilip,Nath\, Anusha"
1n79h4427,P48,2024-08-05T13:58:12Z,,https://researchdatabasestaging.minneapolisfed.org/concern/publications/1n79h4427,How Do Voters Respond to Welfare vis-à-vis Public Good Programs? An Empirical Test for Clientelism,"Bardhan\, Pranab,Mitra\, Sandip,Mookherjee\, Dilip,Nath\, Anusha"

id,jel,date_modified_dtsi,date_modified_ssi,link,title_tesim,alpha_creator_tesim
cc08hf63s,Q18,2020-05-04T16:24:38Z,,https://researchdatabasestaging.minneapolisfed.org/concern/publications/cc08hf63s,Effects of Federal Grain Programs on the Livestock Sector,"Todd\, Richard M."

id,jel,date_modified_dtsi,date_modified_ssi,link,title_tesim,alpha_creator_tesim
6t053g12r,R14,,Wed Oct 23 17:49:47 2019,https://researchdatabasestaging.minneapolisfed.org/concern/publications/6t053g12r,Economies of Density versus Natural Advantage: Crop Choice on the Back Forty,"Holmes\, Thomas J.,Lee\, Sanghoon"

